{
  "timestamp": "20250824_140146",
  "parameters": {
    "sequence_length": 20,
    "prediction_horizon": 1,
    "epochs": 20,
    "batch_size": 32,
    "cv_folds": 2,
    "real_data": true
  },
  "validation_results": {
    "lstm": {
      "model_name": "lstm",
      "mse": 673235.3995701543,
      "mae": 814.8325291053922,
      "r2": -55.50158639909609,
      "rmse": 820.5092318616253,
      "epochs_trained": 20,
      "final_train_loss": 7.742023944854736,
      "final_val_loss": 8.285063743591309
    },
    "gru": {
      "model_name": "gru",
      "mse": 387101.72468789533,
      "mae": 614.3352912454044,
      "r2": -31.48768789736387,
      "rmse": 622.1749952287502,
      "epochs_trained": 20,
      "final_train_loss": 10.941737174987793,
      "final_val_loss": 11.068881034851074
    },
    "transformer": {
      "model_name": "transformer",
      "mse": 56756.8681978373,
      "mae": 228.1679256663603,
      "r2": -3.763345917742468,
      "rmse": 238.2370000605223,
      "epochs_trained": 16,
      "final_train_loss": 0.013446294702589512,
      "final_val_loss": 0.15129949152469635
    }
  },
  "test_results": {
    "lstm": {
      "mse": 1229757.5367615207,
      "mae": 1108.1196713654892,
      "r2": -631.1982953541436,
      "rmse": 1108.9443343836158
    },
    "gru": {
      "mse": 847184.3201753714,
      "mae": 918.7253028759058,
      "r2": -434.52364352737624,
      "rmse": 920.4261622614664
    },
    "transformer": {
      "mse": 131863.4765464413,
      "mae": 333.3659844882246,
      "r2": -66.78886292631645,
      "rmse": 363.13010966655094
    }
  },
  "best_model": {
    "name": "transformer",
    "validation_metrics": {
      "model_name": "transformer",
      "mse": 56756.8681978373,
      "mae": 228.1679256663603,
      "r2": -3.763345917742468,
      "rmse": 238.2370000605223,
      "epochs_trained": 16,
      "final_train_loss": 0.013446294702589512,
      "final_val_loss": 0.15129949152469635
    },
    "test_metrics": {
      "mse": 131863.4765464413,
      "mae": 333.3659844882246,
      "r2": -66.78886292631645,
      "rmse": 363.13010966655094
    }
  },
  "cv_results": {
    "lstm": {
      "cv_mean": -9.452356162810808,
      "cv_std": 1.3442009153683685,
      "cv_scores": [
        -8.10815524744244,
        -10.796557078179177
      ]
    },
    "gru": {
      "cv_mean": -7.136687113485075,
      "cv_std": 1.9619590871777879,
      "cv_scores": [
        -9.098646200662863,
        -5.174728026307287
      ]
    },
    "transformer": {
      "cv_mean": -0.0391095743246791,
      "cv_std": 0.028432115839966188,
      "cv_scores": [
        -0.01067745848471291,
        -0.06754169016464528
      ]
    }
  }
}