{
  "timestamp": "20250824_130408",
  "data_shape": [
    158,
    158
  ],
  "models": {
    "random_forest": {
      "rmse": 38.67861969838151,
      "mae": 12.273922732515022,
      "r2": 0.8829817039389016,
      "mse": 1496.035621772026,
      "cv_score": 2184.1840091450395
    },
    "gradient_boosting": {
      "rmse": 38.36983277244137,
      "mae": 11.649510528916487,
      "r2": 0.8848426537460398,
      "mse": 1472.2440669851158,
      "cv_score": 1883.1466927804893
    },
    "linear_regression": {
      "rmse": 1.3962632879201567e-12,
      "mae": 1.3089590413751555e-12,
      "r2": 1.0,
      "mse": 1.9495511691936065e-24,
      "cv_score": 5.41338318037662e-25
    },
    "ridge": {
      "rmse": 3.1893971655399387,
      "mae": 2.525985590254816,
      "r2": 0.9992043372192677,
      "mse": 10.172254279554194,
      "cv_score": 44.497375361528555
    },
    "lasso": {
      "rmse": 0.24973980119198771,
      "mae": 0.20798721112732535,
      "r2": 0.9999951214882122,
      "mse": 0.06236996829941355,
      "cv_score": 0.09903448166992848
    },
    "elastic_net": {
      "rmse": 11.207618789022527,
      "mae": 9.048709345736436,
      "r2": 0.9901748647685117,
      "mse": 125.61071892005079,
      "cv_score": 427.3532954230124
    },
    "svr": {
      "rmse": 95.20928271898654,
      "mae": 37.813049863476365,
      "r2": 0.290960513111448,
      "mse": 9064.80751586391,
      "cv_score": 11697.34912031653
    },
    "xgboost": {
      "rmse": 39.85371035859909,
      "mae": 14.827639248601356,
      "r2": 0.8757634577037483,
      "mse": 1588.3182293471084,
      "cv_score": 1800.3409206005272
    },
    "lightgbm": {
      "rmse": 41.498835644486604,
      "mae": 17.915338078416077,
      "r2": 0.865295017850831,
      "mse": 1722.1533598481117,
      "cv_score": 3899.143633979403
    },
    "voting_regressor": {
      "rmse": 19.85518682027815,
      "mae": 6.1565921499585,
      "r2": 0.9691638754682707,
      "mse": 394.2284436681471,
      "cv_score": 553.3003313061603
    },
    "stacking_regressor": {
      "rmse": 43.63753458201153,
      "mae": 16.388982980474076,
      "r2": 0.8510528329667727,
      "mse": 1904.2344243962523,
      "cv_score": 2971.3141284160506
    },
    "voting_ensemble": {
      "rmse": 25.72762427705043,
      "mae": 7.934814249667182,
      "r2": 0.9482260613379832,
      "mse": 661.9106509410748,
      "cv_score": 661.9106509410748
    },
    "stacking_ensemble": {
      "rmse": 40.436120069975196,
      "mae": 34.39636795634758,
      "r2": 0.8721058174857634,
      "mse": 1635.079806313451,
      "cv_score": 1635.079806313451
    }
  },
  "best_model": "linear_regression",
  "best_score": 5.41338318037662e-25
}