{
  "timestamp": "20250824_133755",
  "data_info": {
    "use_real_data": true,
    "total_samples": 1198,
    "train_samples": 958,
    "test_samples": 240,
    "n_features": 141
  },
  "baseline_models": {
    "linear_regression": {
      "mse": 4.167783982207286e-24,
      "mae": 1.930781460638779e-12,
      "r2": 1.0,
      "rmse": 2.0415151192698246e-12
    },
    "ridge": {
      "mse": 74.42514755435086,
      "mae": 6.679201392840435,
      "r2": 0.999188204049717,
      "rmse": 8.627001075365115
    },
    "lasso": {
      "mse": 17.536251168192436,
      "mae": 2.9486506905244863,
      "r2": 0.9998087224795746,
      "rmse": 4.187630734459813
    },
    "random_forest": {
      "mse": 313906.20460646716,
      "mae": 473.29989496866864,
      "r2": -2.4239473355716994,
      "rmse": 560.2733302652083
    },
    "gradient_boosting": {
      "mse": 307637.9672129493,
      "mae": 465.8615689251841,
      "r2": -2.355576228510682,
      "rmse": 554.6512122162443
    },
    "xgboost": {
      "mse": 362484.5164575008,
      "mae": 532.4478383382161,
      "r2": -2.9538176566678978,
      "rmse": 602.0668704201393
    },
    "lightgbm": {
      "mse": 343286.45434562006,
      "mae": 506.3858990690424,
      "r2": -2.7444138518003856,
      "rmse": 585.9065235561216
    }
  },
  "ensemble_models": {
    "stacking": {
      "mse": 0.0028970827423338793,
      "mae": 0.03940953194731757,
      "r2": 0.9999999683999278,
      "rmse": 0.05382455519866262
    },
    "blending_linear": {
      "mse": 4.621010026168633e-24,
      "mae": 1.7905676941154525e-12,
      "r2": 1.0,
      "rmse": 2.149653466530974e-12
    },
    "blending_ridge": {
      "mse": 32.498611253226954,
      "mae": 5.139810452766093,
      "r2": 0.9996455198024844,
      "rmse": 5.700755323045092
    },
    "dynamic_ensemble": {
      "mse": 49195.24071604172,
      "mae": 186.83590344564797,
      "r2": 0.46340049702531705,
      "rmse": 221.80000161416078
    }
  },
  "cross_validation": {
    "stacking": -Infinity,
    "blending_linear": 1.0,
    "blending_ridge": 0.9755306545637973,
    "dynamic_ensemble": 0.915947169232329
  },
  "best_baseline": {
    "name": "linear_regression",
    "metrics": {
      "mse": 4.167783982207286e-24,
      "mae": 1.930781460638779e-12,
      "r2": 1.0,
      "rmse": 2.0415151192698246e-12
    }
  },
  "best_ensemble": {
    "name": "blending_linear",
    "metrics": {
      "mse": 4.621010026168633e-24,
      "mae": 1.7905676941154525e-12,
      "r2": 1.0,
      "rmse": 2.149653466530974e-12
    }
  }
}