{
  "timestamp": "20250824_134058",
  "data_info": {
    "use_real_data": true,
    "total_samples": 1197,
    "train_samples": 957,
    "test_samples": 240,
    "n_features": 141
  },
  "baseline_models": {
    "linear_regression": {
      "mse": 4567.77147564526,
      "mae": 48.91676089396607,
      "r2": 0.9501768084095596,
      "rmse": 67.58529037923311
    },
    "ridge": {
      "mse": 2627.4067795234614,
      "mae": 38.778802440354085,
      "r2": 0.9713414315798872,
      "rmse": 51.25823621159297
    },
    "lasso": {
      "mse": 1302.1820315954951,
      "mae": 26.789877901557794,
      "r2": 0.9857963855696948,
      "rmse": 36.08575940167388
    },
    "random_forest": {
      "mse": 338224.150944813,
      "mae": 496.70047904459636,
      "r2": -2.6891965289609763,
      "rmse": 581.5704178728599
    },
    "gradient_boosting": {
      "mse": 372673.76886374754,
      "mae": 535.3335568348368,
      "r2": -3.064957427452528,
      "rmse": 610.4701211883736
    },
    "xgboost": {
      "mse": 460879.1024642006,
      "mae": 593.8302001953125,
      "r2": -4.027061433466374,
      "rmse": 678.8807719063786
    },
    "lightgbm": {
      "mse": 394169.64583905204,
      "mae": 559.6494049077727,
      "r2": -3.299424760736499,
      "rmse": 627.829312663125
    }
  },
  "ensemble_models": {
    "stacking": {
      "mse": 6246.011457004113,
      "mae": 65.11041711215324,
      "r2": 0.9318713234325189,
      "rmse": 79.0317117175385
    },
    "blending_linear": {
      "mse": 2891.3636810275843,
      "mae": 44.95123320014053,
      "r2": 0.9684623087197837,
      "rmse": 53.77140207422143
    },
    "blending_ridge": {
      "mse": 10124.374415700868,
      "mae": 81.31106910564455,
      "r2": 0.889567889081938,
      "rmse": 100.61995038609822
    },
    "dynamic_ensemble": {
      "mse": 54099.37869148973,
      "mae": 199.43719165478595,
      "r2": 0.4099083713269349,
      "rmse": 232.5927313814637
    }
  },
  "cross_validation": {
    "stacking": -Infinity,
    "blending_linear": 0.8670441638667953,
    "blending_ridge": 0.795347207211119,
    "dynamic_ensemble": 0.7339918746635243
  },
  "best_baseline": {
    "name": "lasso",
    "metrics": {
      "mse": 1302.1820315954951,
      "mae": 26.789877901557794,
      "r2": 0.9857963855696948,
      "rmse": 36.08575940167388
    }
  },
  "best_ensemble": {
    "name": "blending_linear",
    "metrics": {
      "mse": 2891.3636810275843,
      "mae": 44.95123320014053,
      "r2": 0.9684623087197837,
      "rmse": 53.77140207422143
    }
  }
}