{
  "timestamp": "20250824_135434",
  "optimization_trials": 15,
  "cv_folds": 3,
  "optimized_hyperparameters": {
    "random_forest": {
      "n_estimators": 200,
      "max_depth": 19,
      "min_samples_split": 3,
      "min_samples_leaf": 2,
      "max_features": null,
      "bootstrap": false
    },
    "xgboost": {
      "n_estimators": 126,
      "max_depth": 8,
      "learning_rate": 0.13526405540621358,
      "subsample": 0.7164916560792167,
      "colsample_bytree": 0.8447411578889518,
      "min_child_weight": 2,
      "reg_alpha": 0.29214464853521815,
      "reg_lambda": 0.3663618432936917
    },
    "lightgbm": {
      "n_estimators": 126,
      "max_depth": 8,
      "learning_rate": 0.13526405540621358,
      "subsample": 0.7164916560792167,
      "colsample_bytree": 0.8447411578889518,
      "min_child_samples": 11,
      "reg_alpha": 0.29214464853521815,
      "reg_lambda": 0.3663618432936917
    },
    "gradient_boosting": {
      "n_estimators": 98,
      "max_depth": 7,
      "learning_rate": 0.09409046401594096,
      "subsample": 0.9870145737504872,
      "min_samples_split": 13,
      "min_samples_leaf": 1,
      "max_features": "sqrt"
    },
    "ridge": {
      "alpha": 85.55447264193967,
      "solver": "saga"
    },
    "lasso": {
      "alpha": 2.1368329072358767,
      "max_iter": 1849,
      "selection": "random"
    },
    "elastic_net": {
      "alpha": 1.7475721353346774,
      "l1_ratio": 0.2735397388003034,
      "max_iter": 2519,
      "selection": "cyclic"
    },
    "svr": {},
    "feature_selection": {
      "k_features": 44
    }
  },
  "model_results": {
    "ridge": {
      "cv_score": -0.48315051925260344,
      "cv_std": 1.629261164224046,
      "mse": 5084.462133069345,
      "mae": 59.08235217862085,
      "r2": -0.8208384291977371,
      "rmse": 71.30541447232002
    },
    "lasso": {
      "cv_score": -0.18014288339735407,
      "cv_std": 1.8602721591594624,
      "mse": 1832.7484423335989,
      "mae": 31.432067353126396,
      "r2": 0.34365942600918276,
      "rmse": 42.81061132866008
    },
    "elastic_net": {
      "cv_score": -1.0185742913941973,
      "cv_std": 1.561808188101429,
      "mse": 3401.8844902335372,
      "mae": 43.57431729396795,
      "r2": -0.21827675167868077,
      "rmse": 58.32567608038108
    },
    "random_forest": {
      "cv_score": -2.7375647251130615,
      "cv_std": 1.9697317609877456,
      "mse": 6570.7598159357885,
      "mae": 71.52176352511616,
      "r2": -1.3531086806740813,
      "rmse": 81.06022338937753
    },
    "gradient_boosting": {
      "cv_score": -2.7871417342496105,
      "cv_std": 1.846189876603951,
      "mse": 2919.06919026916,
      "mae": 41.294627783855056,
      "r2": -0.045371805320261194,
      "rmse": 54.02841095450763
    },
    "xgboost": {
      "cv_score": -2.6802606372848077,
      "cv_std": 2.181470866047573,
      "mse": 3093.2885620922184,
      "mae": 43.387275610077246,
      "r2": -0.1077629332358141,
      "rmse": 55.6173404802155
    },
    "lightgbm": {
      "cv_score": -2.391352458200626,
      "cv_std": 1.7886250355312372,
      "mse": 59549.154674833386,
      "mae": 238.19156017809675,
      "r2": -20.325636108675464,
      "rmse": 244.02695481203176
    },
    "svr": {
      "cv_score": -22.186965987284182,
      "cv_std": 12.92741005888215,
      "mse": 729078.1190017057,
      "mae": 852.1574039597853,
      "r2": -260.09614394239026,
      "rmse": 853.8607140521841
    },
    "linear_regression": {
      "cv_score": -5.065629106255761,
      "cv_std": 9.901025936781936,
      "mse": 4480.806035143313,
      "mae": 50.16347172983826,
      "r2": -0.6046581937359892,
      "rmse": 66.93882307856416
    }
  },
  "ensemble_results": {
    "stacking": {
      "mse": 2369.2583879246267,
      "mae": 37.161420736448044,
      "r2": 0.15152544978676474,
      "rmse": 48.67502838134382
    },
    "blending_linear": {
      "mse": 2047.8206403996273,
      "mae": 34.79984908767679,
      "r2": 0.266638157477432,
      "rmse": 45.2528522902107
    },
    "blending_ridge": {
      "mse": 3210.94858902152,
      "mae": 45.70209217584799,
      "r2": -0.14989913034108815,
      "rmse": 56.66523263008386
    },
    "dynamic_ensemble": {
      "mse": 2158.3827619616955,
      "mae": 35.7146221357683,
      "r2": 0.2270438494690219,
      "rmse": 46.45839818549167
    }
  },
  "best_individual_model": [
    "lasso",
    {
      "cv_score": -0.18014288339735407,
      "cv_std": 1.8602721591594624,
      "mse": 1832.7484423335989,
      "mae": 31.432067353126396,
      "r2": 0.34365942600918276,
      "rmse": 42.81061132866008
    }
  ],
  "best_ensemble_model": [
    "blending_linear",
    {
      "mse": 2047.8206403996273,
      "mae": 34.79984908767679,
      "r2": 0.266638157477432,
      "rmse": 45.2528522902107
    }
  ]
}