{
  "timestamp": "20250830_181132",
  "best_model": "lasso",
  "best_cv_score": 604.7024710652345,
  "models": {
    "linear_regression": {
      "cv_score": 2014.8486294966315,
      "mse": 975.3607533909969,
      "mae": 25.396679453922655,
      "r2": 0.8843374384625238,
      "rmse": 31.230766135191065
    },
    "ridge": {
      "cv_score": 709.2236777443554,
      "mse": 995.3496518734537,
      "mae": 26.072102107927883,
      "r2": 0.8819670670971028,
      "rmse": 31.549162459143883
    },
    "lasso": {
      "cv_score": 604.7024710652345,
      "mse": 1039.7476631826833,
      "mae": 26.673648835176486,
      "r2": 0.8767021559374708,
      "rmse": 32.245118439582185
    },
    "elastic_net": {
      "cv_score": 772.4915819698667,
      "mse": 1601.3841688399605,
      "mae": 33.096837688285206,
      "r2": 0.8101008326102475,
      "rmse": 40.017298370079416
    },
    "random_forest": {
      "cv_score": 2169.0890419284224,
      "mse": 35565.78178095519,
      "mae": 167.15460644764846,
      "r2": -3.2175465944949,
      "rmse": 188.5889227419129
    },
    "gradient_boosting": {
      "cv_score": 2474.268878973461,
      "mse": 26575.94927265143,
      "mae": 141.11888908054996,
      "r2": -2.151492775855691,
      "rmse": 163.02131539357492
    },
    "xgboost": {
      "cv_score": 1900.487975866158,
      "mse": 31024.273236714016,
      "mae": 154.90654206239194,
      "r2": -2.678994566801515,
      "rmse": 176.1370864886609
    },
    "lightgbm": {
      "cv_score": 2011.7571939991867,
      "mse": 44043.09164980265,
      "mae": 187.4513182277402,
      "r2": -4.222823227749758,
      "rmse": 209.8644601875283
    },
    "svr": {
      "cv_score": 8373.623357107159,
      "mse": 221667.9036915021,
      "mae": 460.48262731046117,
      "r2": -25.28635349788759,
      "rmse": 470.8162100984864
    }
  }
}