{
  "timestamp": "20250824_133007",
  "best_model": "lasso",
  "best_cv_score": 522.4830940982455,
  "models": {
    "linear_regression": {
      "cv_score": 1095.1806074441326,
      "mse": 486.68154849186084,
      "mae": 17.30520779954899,
      "r2": 0.988987694197102,
      "rmse": 22.060860103175052
    },
    "ridge": {
      "cv_score": 629.1664352641407,
      "mse": 496.22430453669654,
      "mae": 17.530735616409384,
      "r2": 0.9887717670716668,
      "rmse": 22.276092667626802
    },
    "lasso": {
      "cv_score": 522.4830940982455,
      "mse": 470.734243704815,
      "mae": 16.903092145558528,
      "r2": 0.989348539184119,
      "rmse": 21.696410848451755
    },
    "elastic_net": {
      "cv_score": 847.0172852948077,
      "mse": 765.7390206237093,
      "mae": 22.20858597645486,
      "r2": 0.98267336765396,
      "rmse": 27.671989820461217
    },
    "random_forest": {
      "cv_score": 7285.4170233174345,
      "mse": 595.6286183523998,
      "mae": 18.86173224998644,
      "r2": 0.9865225124918333,
      "rmse": 24.40550385368841
    },
    "gradient_boosting": {
      "cv_score": 8861.514274312683,
      "mse": 753.3565202855272,
      "mae": 21.77908030392222,
      "r2": 0.9829535506211406,
      "rmse": 27.447340860009138
    },
    "xgboost": {
      "cv_score": 8655.46141068582,
      "mse": 780.5772533995831,
      "mae": 21.871321815199746,
      "r2": 0.982337618009436,
      "rmse": 27.938812669825165
    },
    "lightgbm": {
      "cv_score": 9114.353777424963,
      "mse": 770.3779687975922,
      "mae": 21.743107573331475,
      "r2": 0.9825684006256169,
      "rmse": 27.75568354044973
    },
    "svr": {
      "cv_score": 48767.29715159731,
      "mse": 17061.797658593314,
      "mae": 99.86447797969814,
      "r2": 0.6139370108732576,
      "rmse": 130.62081632953192
    }
  }
}