{
  "timestamp": "2025-08-30T20:01:25.993361",
  "data_shape": [
    672,
    52
  ],
  "models": {
    "random_forest": {
      "rmse": 5.966795097666074,
      "mae": 4.328199233016538,
      "r2": 0.977510841235687,
      "mse": 35.60264373753189
    },
    "extra_trees": {
      "rmse": 6.329829712926479,
      "mae": 4.548186042662267,
      "r2": 0.9746909982863818,
      "mse": 40.06674419464691
    },
    "gradient_boosting": {
      "rmse": 5.1855512596913,
      "mae": 3.8600538641818436,
      "r2": 0.9830144026307225,
      "mse": 26.88994186688603
    },
    "xgboost": {
      "rmse": 2.259487516933313,
      "mae": 1.3916186314770216,
      "r2": 0.9967751400810971,
      "mse": 5.105283839177468
    },
    "lightgbm": {
      "rmse": 2.5278627343456375,
      "mae": 1.8439360509297587,
      "r2": 0.9959635652433357,
      "mse": 6.390090003693404
    },
    "catboost": {
      "rmse": 5.112630188263437,
      "mae": 3.663192927716382,
      "r2": 0.983488758788423,
      "mse": 26.13898744194263
    },
    "linear_regression": {
      "rmse": 4.3437136615964057e-13,
      "mae": 4.2171015018103725e-13,
      "r2": 1.0,
      "mse": 1.8867848373939253e-25
    },
    "ridge": {
      "rmse": 1.9568059505499438,
      "mae": 1.6724827006346323,
      "r2": 0.9975812750604921,
      "mse": 3.829089528107669
    },
    "lasso": {
      "rmse": 0.13687225480326728,
      "mae": 0.10996267608764038,
      "r2": 0.9999881662659301,
      "mse": 0.018734014134930525
    },
    "elastic_net": {
      "rmse": 3.3766278480611214,
      "mae": 2.56094240547552,
      "r2": 0.9927979296752536,
      "mse": 11.40161562430188
    },
    "bayesian_ridge": {
      "rmse": 2.5371681666468724e-10,
      "mae": 2.1631593003065094e-10,
      "r2": 1.0,
      "mse": 6.43722230584625e-20
    },
    "huber": {
      "rmse": 1.9438612007685439,
      "mae": 1.7245812662024336,
      "r2": 0.9976131701272137,
      "mse": 3.7785963678533254
    },
    "svr_rbf": {
      "rmse": 1.8588885761682121,
      "mae": 1.3549085816155417,
      "r2": 0.9978172817540667,
      "mse": 3.4554667386086826
    },
    "svr_linear": {
      "rmse": 1.7469551460400874,
      "mae": 1.3588959382924028,
      "r2": 0.998072233314826,
      "mse": 3.051852282275943
    },
    "svr_poly": {
      "rmse": 25.94739134658782,
      "mae": 20.967946154066627,
      "r2": 0.5747166639586612,
      "mse": 673.2671176929806
    },
    "advanced_ensemble": {
      "rmse": 13.81319375395691,
      "mae": 11.454771298459493,
      "r2": 0.8794744369291616,
      "mse": 190.80432168435416
    },
    "voting_regressor": {
      "rmse": 0.568513608079646,
      "mae": 0.3492994951870697,
      "r2": 0.9997958390438544,
      "mse": 0.3232077225717373
    },
    "stacking_regressor": {
      "rmse": 0.006364827271396613,
      "mae": 0.00520548584941958,
      "r2": 0.9999999744103583,
      "mse": 4.0511026194714054e-05
    },
    "lstm": {
      "rmse": 861.5896272302581,
      "mae": 860.6253000916156,
      "r2": -445.9811186446882,
      "mse": 742336.6857507752
    },
    "gru": {
      "rmse": 947.9280938423725,
      "mae": 947.0516841424371,
      "r2": -540.0520462127913,
      "mse": 898567.6710956339
    },
    "voting_ensemble": {
      "rmse": 5.610019197175765,
      "mae": 4.06528736879363,
      "r2": 0.9801198500098917,
      "mse": 31.47231539268061
    },
    "stacking_ensemble": {
      "rmse": 7.0838389846903285,
      "mae": 5.1541594242100075,
      "r2": 0.9683022581458719,
      "mse": 50.180774761018505
    }
  },
  "best_model": "linear_regression",
  "best_rmse": 4.3437136615964057e-13
}