{
  "timestamp": "20250830_180913",
  "model_results": {
    "random_forest": {
      "mse": 30.477258943831995,
      "mae": 4.115405899327346,
      "r2": 0.9807483983453069,
      "rmse": 5.520621246185251,
      "cv_score": 65.23756926634326
    },
    "extra_trees": {
      "mse": 45.868701601387215,
      "mae": 4.995076847451754,
      "r2": 0.9710260698550583,
      "rmse": 6.772643619842049,
      "cv_score": 100.50720727083869
    },
    "gradient_boosting": {
      "mse": 24.372781697910426,
      "mae": 3.3812375405508175,
      "r2": 0.9846044197960944,
      "rmse": 4.936879753235886,
      "cv_score": 80.3506771831605
    },
    "xgboost": {
      "mse": 4.08455651258262,
      "mae": 1.1709117504674122,
      "r2": 0.9974199039663888,
      "rmse": 2.0210285778738064,
      "cv_score": 9.350550905353114
    },
    "lightgbm": {
      "mse": 3.8889833304807246,
      "mae": 1.4350104094871203,
      "r2": 0.9975434418804481,
      "rmse": 1.9720505395351116,
      "cv_score": 51.19506786189411
    },
    "catboost": {
      "mse": 28.34388265051165,
      "mae": 3.79458311200221,
      "r2": 0.9820959903533107,
      "rmse": 5.323897317803157,
      "cv_score": 123.67841465813095
    },
    "linear_regression": {
      "mse": 4.021016866577218e-26,
      "mae": 1.457523560533539e-13,
      "r2": 1.0,
      "rmse": 2.005247333018353e-13,
      "cv_score": 4.981883234694371e-26
    },
    "ridge": {
      "mse": 2.5636382853489255,
      "mae": 1.280584600095849,
      "r2": 0.9983806239548243,
      "rmse": 1.6011365604934906,
      "cv_score": 17.472491721929703
    },
    "lasso": {
      "mse": 0.01873714139353746,
      "mae": 0.1099761932850458,
      "r2": 0.9999881642905315,
      "rmse": 0.13688367833141196,
      "cv_score": 0.03274900959269604
    },
    "elastic_net": {
      "mse": 22.000161534714593,
      "mae": 3.6284972720298603,
      "r2": 0.9861031352266362,
      "rmse": 4.690432979450255,
      "cv_score": 37.62619361796082
    },
    "bayesian_ridge": {
      "mse": 6.675665247822391e-21,
      "mae": 6.694308545293175e-11,
      "r2": 1.0,
      "rmse": 8.170474434096462e-11,
      "cv_score": 9.214097763341842e-17
    },
    "huber": {
      "mse": 0.02956289067931915,
      "mae": 0.1306200514364839,
      "r2": 0.9999813259782919,
      "rmse": 0.17193862474534088,
      "cv_score": 0.24335399378658873
    },
    "svr_rbf": {
      "mse": 4.799032045630526,
      "mae": 1.601467045278659,
      "r2": 0.9969685904680321,
      "rmse": 2.19066931453164,
      "cv_score": 176.79497081440417
    },
    "svr_linear": {
      "mse": 6.596314255757881,
      "mae": 2.018109790947736,
      "r2": 0.9958332993569055,
      "rmse": 2.5683290785563053,
      "cv_score": 28.901860829445134
    },
    "svr_poly": {
      "mse": 685.7410082568658,
      "mae": 20.94796707133388,
      "r2": 0.5668372686146532,
      "rmse": 26.186657065323665,
      "cv_score": 648.2040877613175
    },
    "advanced_ensemble": {
      "mse": 171.70576000483052,
      "mae": 10.890540222667184,
      "r2": 0.8915384451232511,
      "rmse": 13.103654452282788,
      "cv_score": 1956.9726061083672
    },
    "voting_regressor": {
      "mse": 0.0015705471710426005,
      "mae": 0.031041705403946938,
      "r2": 0.9999990079308453,
      "rmse": 0.039630129586497705,
      "cv_score": 0.033297314358736306
    },
    "stacking_regressor": {
      "mse": 4.080077158944364e-05,
      "mae": 0.005223776554393591,
      "r2": 0.9999999742273344,
      "rmse": 0.0063875481672895145,
      "cv_score": 0.00012028810732472113
    },
    "lstm": {
      "mse": 434142.8952379876,
      "mae": 657.6337223139498,
      "r2": -260.4092509369382,
      "rmse": 658.8952080854646,
      "cv_score": 434142.8952379876
    },
    "gru": {
      "mse": 1355890.5762708313,
      "mae": 1163.7137954051225,
      "r2": -815.4186118976194,
      "rmse": 1164.4271451107757,
      "cv_score": 1355890.5762708313
    },
    "voting_ensemble": {
      "mse": 30.880347157306886,
      "mae": 4.031259564993321,
      "r2": 0.9804937791969176,
      "rmse": 5.557008831854318,
      "cv_score": 30.880347157306886
    },
    "stacking_ensemble": {
      "mse": 46.331980340715475,
      "mae": 5.175556200331787,
      "r2": 0.9707334300949975,
      "rmse": 6.806759900328164,
      "cv_score": 46.331980340715475
    }
  },
  "best_model": "linear_regression",
  "feature_count": 30
}