{
  "timestamp": "2025-08-23T17:43:13.595184",
  "data_shape": [
    672,
    62
  ],
  "models": {
    "random_forest": {
      "rmse": 0.9496571059989322,
      "mae": 0.3880905982905849,
      "r2": 0.9994303283508099,
      "mse": 0.9018486189742672
    },
    "gradient_boosting": {
      "rmse": 0.6130532498787077,
      "mae": 0.44890694441297596,
      "r2": 0.9997625963673954,
      "mse": 0.37583428718684514
    },
    "linear_regression": {
      "rmse": 1.0617016212654267e-12,
      "mae": 8.492503946042086e-13,
      "r2": 1.0,
      "mse": 1.1272103325976355e-24
    },
    "svr": {
      "rmse": 47.57912045076807,
      "mae": 37.89852300009832,
      "r2": -0.4299596427852628,
      "mse": 2263.772702868697
    },
    "xgboost": {
      "rmse": 2.1708298005675686,
      "mae": 1.0766205929487316,
      "r2": 0.9970232489768338,
      "mse": 4.71250202303223
    },
    "lightgbm": {
      "rmse": 1.505479673942198,
      "mae": 0.9217944001607415,
      "r2": 0.9985683371536864,
      "mse": 2.2664690486531067
    }
  },
  "best_model": "linear_regression",
  "best_rmse": 1.0617016212654267e-12
}